;Version;Date_of_report;Date_of_statistics;IC_admission_notification;IC_admission
0;1;2022-02-03 00:30:00;2020-02-27;0;0
1;1;2022-02-03 00:30:00;2020-02-28;0;0
2;1;2022-02-03 00:30:00;2020-02-29;0;1
3;1;2022-02-03 00:30:00;2020-03-01;0;1
4;1;2022-02-03 00:30:00;2020-03-02;0;0
5;1;2022-02-03 00:30:00;2020-03-03;0;2
6;1;2022-02-03 00:30:00;2020-03-04;0;3
7;1;2022-02-03 00:30:00;2020-03-05;0;1
8;1;2022-02-03 00:30:00;2020-03-06;0;4
9;1;2022-02-03 00:30:00;2020-03-07;0;3
10;1;2022-02-03 00:30:00;2020-03-08;0;5
11;1;2022-02-03 00:30:00;2020-03-09;0;7
12;1;2022-02-03 00:30:00;2020-03-10;0;10
13;1;2022-02-03 00:30:00;2020-03-11;0;9
14;1;2022-02-03 00:30:00;2020-03-12;0;23
15;1;2022-02-03 00:30:00;2020-03-13;0;13
16;1;2022-02-03 00:30:00;2020-03-14;0;21
17;1;2022-02-03 00:30:00;2020-03-15;0;28
18;1;2022-02-03 00:30:00;2020-03-16;0;33
19;1;2022-02-03 00:30:00;2020-03-17;0;35
20;1;2022-02-03 00:30:00;2020-03-18;0;56
21;1;2022-02-03 00:30:00;2020-03-19;0;66
22;1;2022-02-03 00:30:00;2020-03-20;0;83
23;1;2022-02-03 00:30:00;2020-03-21;0;80
24;1;2022-02-03 00:30:00;2020-03-22;0;73
25;1;2022-02-03 00:30:00;2020-03-23;0;98
26;1;2022-02-03 00:30:00;2020-03-24;613;111
27;1;2022-02-03 00:30:00;2020-03-25;132;120
28;1;2022-02-03 00:30:00;2020-03-26;115;110
29;1;2022-02-03 00:30:00;2020-03-27;110;115
30;1;2022-02-03 00:30:00;2020-03-28;115;103
31;1;2022-02-03 00:30:00;2020-03-29;87;92
32;1;2022-02-03 00:30:00;2020-03-30;122;127
33;1;2022-02-03 00:30:00;2020-03-31;109;113
34;1;2022-02-03 00:30:00;2020-04-01;77;76
35;1;2022-02-03 00:30:00;2020-04-02;86;96
36;1;2022-02-03 00:30:00;2020-04-03;98;77
37;1;2022-02-03 00:30:00;2020-04-04;59;64
38;1;2022-02-03 00:30:00;2020-04-05;72;75
39;1;2022-02-03 00:30:00;2020-04-06;55;61
40;1;2022-02-03 00:30:00;2020-04-07;73;60
41;1;2022-02-03 00:30:00;2020-04-08;60;59
42;1;2022-02-03 00:30:00;2020-04-09;88;52
43;1;2022-02-03 00:30:00;2020-04-10;56;50
44;1;2022-02-03 00:30:00;2020-04-11;23;28
45;1;2022-02-03 00:30:00;2020-04-12;35;33
46;1;2022-02-03 00:30:00;2020-04-13;37;45
47;1;2022-02-03 00:30:00;2020-04-14;44;36
48;1;2022-02-03 00:30:00;2020-04-15;45;24
49;1;2022-02-03 00:30:00;2020-04-16;34;30
50;1;2022-02-03 00:30:00;2020-04-17;25;26
51;1;2022-02-03 00:30:00;2020-04-18;18;19
52;1;2022-02-03 00:30:00;2020-04-19;20;20
53;1;2022-02-03 00:30:00;2020-04-20;24;26
54;1;2022-02-03 00:30:00;2020-04-21;35;23
55;1;2022-02-03 00:30:00;2020-04-22;16;15
56;1;2022-02-03 00:30:00;2020-04-23;17;17
57;1;2022-02-03 00:30:00;2020-04-24;14;17
58;1;2022-02-03 00:30:00;2020-04-25;10;14
59;1;2022-02-03 00:30:00;2020-04-26;12;13
60;1;2022-02-03 00:30:00;2020-04-27;12;14
61;1;2022-02-03 00:30:00;2020-04-28;20;14
62;1;2022-02-03 00:30:00;2020-04-29;16;12
63;1;2022-02-03 00:30:00;2020-04-30;11;17
64;1;2022-02-03 00:30:00;2020-05-01;11;9
65;1;2022-02-03 00:30:00;2020-05-02;6;9
66;1;2022-02-03 00:30:00;2020-05-03;7;11
67;1;2022-02-03 00:30:00;2020-05-04;16;11
68;1;2022-02-03 00:30:00;2020-05-05;7;3
69;1;2022-02-03 00:30:00;2020-05-06;7;7
70;1;2022-02-03 00:30:00;2020-05-07;8;9
71;1;2022-02-03 00:30:00;2020-05-08;5;7
72;1;2022-02-03 00:30:00;2020-05-09;5;5
73;1;2022-02-03 00:30:00;2020-05-10;2;4
74;1;2022-02-03 00:30:00;2020-05-11;10;7
75;1;2022-02-03 00:30:00;2020-05-12;5;2
76;1;2022-02-03 00:30:00;2020-05-13;5;3
77;1;2022-02-03 00:30:00;2020-05-14;4;8
78;1;2022-02-03 00:30:00;2020-05-15;3;3
79;1;2022-02-03 00:30:00;2020-05-16;4;7
80;1;2022-02-03 00:30:00;2020-05-17;6;4
81;1;2022-02-03 00:30:00;2020-05-18;2;4
82;1;2022-02-03 00:30:00;2020-05-19;12;1
83;1;2022-02-03 00:30:00;2020-05-20;3;2
84;1;2022-02-03 00:30:00;2020-05-21;1;2
85;1;2022-02-03 00:30:00;2020-05-22;3;4
86;1;2022-02-03 00:30:00;2020-05-23;5;4
87;1;2022-02-03 00:30:00;2020-05-24;3;7
88;1;2022-02-03 00:30:00;2020-05-25;6;1
89;1;2022-02-03 00:30:00;2020-05-26;2;4
90;1;2022-02-03 00:30:00;2020-05-27;7;3
91;1;2022-02-03 00:30:00;2020-05-28;1;1
92;1;2022-02-03 00:30:00;2020-05-29;4;1
93;1;2022-02-03 00:30:00;2020-05-30;0;3
94;1;2022-02-03 00:30:00;2020-05-31;1;3
95;1;2022-02-03 00:30:00;2020-06-01;4;5
96;1;2022-02-03 00:30:00;2020-06-02;4;1
97;1;2022-02-03 00:30:00;2020-06-03;1;5
98;1;2022-02-03 00:30:00;2020-06-04;1;5
99;1;2022-02-03 00:30:00;2020-06-05;9;3
100;1;2022-02-03 00:30:00;2020-06-06;0;2
101;1;2022-02-03 00:30:00;2020-06-07;2;3
102;1;2022-02-03 00:30:00;2020-06-08;2;0
103;1;2022-02-03 00:30:00;2020-06-09;5;2
104;1;2022-02-03 00:30:00;2020-06-10;2;2
105;1;2022-02-03 00:30:00;2020-06-11;1;1
106;1;2022-02-03 00:30:00;2020-06-12;4;3
107;1;2022-02-03 00:30:00;2020-06-13;1;2
108;1;2022-02-03 00:30:00;2020-06-14;0;0
109;1;2022-02-03 00:30:00;2020-06-15;2;1
110;1;2022-02-03 00:30:00;2020-06-16;0;2
111;1;2022-02-03 00:30:00;2020-06-17;2;0
112;1;2022-02-03 00:30:00;2020-06-18;0;1
113;1;2022-02-03 00:30:00;2020-06-19;0;0
114;1;2022-02-03 00:30:00;2020-06-20;2;2
115;1;2022-02-03 00:30:00;2020-06-21;1;0
116;1;2022-02-03 00:30:00;2020-06-22;2;3
117;1;2022-02-03 00:30:00;2020-06-23;0;1
118;1;2022-02-03 00:30:00;2020-06-24;2;1
119;1;2022-02-03 00:30:00;2020-06-25;0;0
120;1;2022-02-03 00:30:00;2020-06-26;2;0
121;1;2022-02-03 00:30:00;2020-06-27;0;0
122;1;2022-02-03 00:30:00;2020-06-28;0;0
123;1;2022-02-03 00:30:00;2020-06-29;1;0
124;1;2022-02-03 00:30:00;2020-06-30;0;2
125;1;2022-02-03 00:30:00;2020-07-01;1;0
126;1;2022-02-03 00:30:00;2020-07-02;0;2
127;1;2022-02-03 00:30:00;2020-07-03;3;0
128;1;2022-02-03 00:30:00;2020-07-04;0;1
129;1;2022-02-03 00:30:00;2020-07-05;0;0
130;1;2022-02-03 00:30:00;2020-07-06;1;0
131;1;2022-02-03 00:30:00;2020-07-07;1;1
132;1;2022-02-03 00:30:00;2020-07-08;0;2
133;1;2022-02-03 00:30:00;2020-07-09;2;1
134;1;2022-02-03 00:30:00;2020-07-10;0;1
135;1;2022-02-03 00:30:00;2020-07-11;0;0
136;1;2022-02-03 00:30:00;2020-07-12;0;1
137;1;2022-02-03 00:30:00;2020-07-13;1;0
138;1;2022-02-03 00:30:00;2020-07-14;12;0
139;1;2022-02-03 00:30:00;2020-07-15;1;1
140;1;2022-02-03 00:30:00;2020-07-16;0;1
141;1;2022-02-03 00:30:00;2020-07-17;0;0
142;1;2022-02-03 00:30:00;2020-07-18;0;0
143;1;2022-02-03 00:30:00;2020-07-19;0;1
144;1;2022-02-03 00:30:00;2020-07-20;2;0
145;1;2022-02-03 00:30:00;2020-07-21;1;2
146;1;2022-02-03 00:30:00;2020-07-22;2;1
147;1;2022-02-03 00:30:00;2020-07-23;1;1
148;1;2022-02-03 00:30:00;2020-07-24;0;1
149;1;2022-02-03 00:30:00;2020-07-25;1;1
150;1;2022-02-03 00:30:00;2020-07-26;0;3
151;1;2022-02-03 00:30:00;2020-07-27;7;3
152;1;2022-02-03 00:30:00;2020-07-28;0;0
153;1;2022-02-03 00:30:00;2020-07-29;0;0
154;1;2022-02-03 00:30:00;2020-07-30;2;3
155;1;2022-02-03 00:30:00;2020-07-31;2;4
156;1;2022-02-03 00:30:00;2020-08-01;2;2
157;1;2022-02-03 00:30:00;2020-08-02;0;2
158;1;2022-02-03 00:30:00;2020-08-03;5;3
159;1;2022-02-03 00:30:00;2020-08-04;6;3
160;1;2022-02-03 00:30:00;2020-08-05;2;2
161;1;2022-02-03 00:30:00;2020-08-06;3;3
162;1;2022-02-03 00:30:00;2020-08-07;1;1
163;1;2022-02-03 00:30:00;2020-08-08;1;1
164;1;2022-02-03 00:30:00;2020-08-09;3;5
165;1;2022-02-03 00:30:00;2020-08-10;3;4
166;1;2022-02-03 00:30:00;2020-08-11;4;3
167;1;2022-02-03 00:30:00;2020-08-12;3;4
168;1;2022-02-03 00:30:00;2020-08-13;6;4
169;1;2022-02-03 00:30:00;2020-08-14;4;6
170;1;2022-02-03 00:30:00;2020-08-15;2;1
171;1;2022-02-03 00:30:00;2020-08-16;0;4
172;1;2022-02-03 00:30:00;2020-08-17;9;7
173;1;2022-02-03 00:30:00;2020-08-18;7;2
174;1;2022-02-03 00:30:00;2020-08-19;1;3
175;1;2022-02-03 00:30:00;2020-08-20;2;6
176;1;2022-02-03 00:30:00;2020-08-21;12;5
177;1;2022-02-03 00:30:00;2020-08-22;1;0
178;1;2022-02-03 00:30:00;2020-08-23;1;5
179;1;2022-02-03 00:30:00;2020-08-24;5;2
180;1;2022-02-03 00:30:00;2020-08-25;3;3
181;1;2022-02-03 00:30:00;2020-08-26;1;0
182;1;2022-02-03 00:30:00;2020-08-27;2;2
183;1;2022-02-03 00:30:00;2020-08-28;2;2
184;1;2022-02-03 00:30:00;2020-08-29;0;3
185;1;2022-02-03 00:30:00;2020-08-30;1;3
186;1;2022-02-03 00:30:00;2020-08-31;5;1
187;1;2022-02-03 00:30:00;2020-09-01;1;2
188;1;2022-02-03 00:30:00;2020-09-02;3;2
189;1;2022-02-03 00:30:00;2020-09-03;3;3
190;1;2022-02-03 00:30:00;2020-09-04;3;4
191;1;2022-02-03 00:30:00;2020-09-05;0;1
192;1;2022-02-03 00:30:00;2020-09-06;2;4
193;1;2022-02-03 00:30:00;2020-09-07;6;3
194;1;2022-02-03 00:30:00;2020-09-08;1;3
195;1;2022-02-03 00:30:00;2020-09-09;3;4
196;1;2022-02-03 00:30:00;2020-09-10;4;5
197;1;2022-02-03 00:30:00;2020-09-11;6;6
198;1;2022-02-03 00:30:00;2020-09-12;2;6
199;1;2022-02-03 00:30:00;2020-09-13;0;4
200;1;2022-02-03 00:30:00;2020-09-14;8;10
201;1;2022-02-03 00:30:00;2020-09-15;11;4
202;1;2022-02-03 00:30:00;2020-09-16;6;1
203;1;2022-02-03 00:30:00;2020-09-17;6;4
204;1;2022-02-03 00:30:00;2020-09-18;8;7
205;1;2022-02-03 00:30:00;2020-09-19;2;14
206;1;2022-02-03 00:30:00;2020-09-20;9;13
207;1;2022-02-03 00:30:00;2020-09-21;20;13
208;1;2022-02-03 00:30:00;2020-09-22;13;10
209;1;2022-02-03 00:30:00;2020-09-23;31;13
210;1;2022-02-03 00:30:00;2020-09-24;10;11
211;1;2022-02-03 00:30:00;2020-09-25;15;18
212;1;2022-02-03 00:30:00;2020-09-26;12;13
213;1;2022-02-03 00:30:00;2020-09-27;7;17
214;1;2022-02-03 00:30:00;2020-09-28;29;15
215;1;2022-02-03 00:30:00;2020-09-29;19;22
216;1;2022-02-03 00:30:00;2020-09-30;15;15
217;1;2022-02-03 00:30:00;2020-10-01;17;13
218;1;2022-02-03 00:30:00;2020-10-02;14;14
219;1;2022-02-03 00:30:00;2020-10-03;9;19
220;1;2022-02-03 00:30:00;2020-10-04;18;22
221;1;2022-02-03 00:30:00;2020-10-05;40;28
222;1;2022-02-03 00:30:00;2020-10-06;24;34
223;1;2022-02-03 00:30:00;2020-10-07;36;29
224;1;2022-02-03 00:30:00;2020-10-08;25;22
225;1;2022-02-03 00:30:00;2020-10-09;27;28
226;1;2022-02-03 00:30:00;2020-10-10;17;27
227;1;2022-02-03 00:30:00;2020-10-11;22;19
228;1;2022-02-03 00:30:00;2020-10-12;39;41
229;1;2022-02-03 00:30:00;2020-10-13;34;36
230;1;2022-02-03 00:30:00;2020-10-14;37;35
231;1;2022-02-03 00:30:00;2020-10-15;38;37
232;1;2022-02-03 00:30:00;2020-10-16;46;55
233;1;2022-02-03 00:30:00;2020-10-17;37;30
234;1;2022-02-03 00:30:00;2020-10-18;30;41
235;1;2022-02-03 00:30:00;2020-10-19;51;58
236;1;2022-02-03 00:30:00;2020-10-20;59;49
237;1;2022-02-03 00:30:00;2020-10-21;42;49
238;1;2022-02-03 00:30:00;2020-10-22;56;43
239;1;2022-02-03 00:30:00;2020-10-23;50;54
240;1;2022-02-03 00:30:00;2020-10-24;21;38
241;1;2022-02-03 00:30:00;2020-10-25;41;48
242;1;2022-02-03 00:30:00;2020-10-26;70;59
243;1;2022-02-03 00:30:00;2020-10-27;51;50
244;1;2022-02-03 00:30:00;2020-10-28;53;51
245;1;2022-02-03 00:30:00;2020-10-29;55;46
246;1;2022-02-03 00:30:00;2020-10-30;38;42
247;1;2022-02-03 00:30:00;2020-10-31;41;48
248;1;2022-02-03 00:30:00;2020-11-01;51;43
249;1;2022-02-03 00:30:00;2020-11-02;49;60
250;1;2022-02-03 00:30:00;2020-11-03;48;31
251;1;2022-02-03 00:30:00;2020-11-04;40;40
252;1;2022-02-03 00:30:00;2020-11-05;36;36
253;1;2022-02-03 00:30:00;2020-11-06;36;35
254;1;2022-02-03 00:30:00;2020-11-07;34;39
255;1;2022-02-03 00:30:00;2020-11-08;41;44
256;1;2022-02-03 00:30:00;2020-11-09;51;41
257;1;2022-02-03 00:30:00;2020-11-10;31;37
258;1;2022-02-03 00:30:00;2020-11-11;44;36
259;1;2022-02-03 00:30:00;2020-11-12;35;41
260;1;2022-02-03 00:30:00;2020-11-13;41;31
261;1;2022-02-03 00:30:00;2020-11-14;24;22
262;1;2022-02-03 00:30:00;2020-11-15;23;34
263;1;2022-02-03 00:30:00;2020-11-16;39;36
264;1;2022-02-03 00:30:00;2020-11-17;33;30
265;1;2022-02-03 00:30:00;2020-11-18;29;31
266;1;2022-02-03 00:30:00;2020-11-19;40;39
267;1;2022-02-03 00:30:00;2020-11-20;27;28
268;1;2022-02-03 00:30:00;2020-11-21;26;20
269;1;2022-02-03 00:30:00;2020-11-22;23;25
270;1;2022-02-03 00:30:00;2020-11-23;26;26
271;1;2022-02-03 00:30:00;2020-11-24;25;34
272;1;2022-02-03 00:30:00;2020-11-25;43;41
273;1;2022-02-03 00:30:00;2020-11-26;36;30
274;1;2022-02-03 00:30:00;2020-11-27;18;18
275;1;2022-02-03 00:30:00;2020-11-28;22;21
276;1;2022-02-03 00:30:00;2020-11-29;14;18
277;1;2022-02-03 00:30:00;2020-11-30;29;24
278;1;2022-02-03 00:30:00;2020-12-01;29;30
279;1;2022-02-03 00:30:00;2020-12-02;27;30
280;1;2022-02-03 00:30:00;2020-12-03;27;30
281;1;2022-02-03 00:30:00;2020-12-04;29;33
282;1;2022-02-03 00:30:00;2020-12-05;19;25
283;1;2022-02-03 00:30:00;2020-12-06;29;28
284;1;2022-02-03 00:30:00;2020-12-07;26;21
285;1;2022-02-03 00:30:00;2020-12-08;36;40
286;1;2022-02-03 00:30:00;2020-12-09;27;32
287;1;2022-02-03 00:30:00;2020-12-10;37;33
288;1;2022-02-03 00:30:00;2020-12-11;38;36
289;1;2022-02-03 00:30:00;2020-12-12;29;22
290;1;2022-02-03 00:30:00;2020-12-13;22;42
291;1;2022-02-03 00:30:00;2020-12-14;43;24
292;1;2022-02-03 00:30:00;2020-12-15;38;45
293;1;2022-02-03 00:30:00;2020-12-16;41;36
294;1;2022-02-03 00:30:00;2020-12-17;38;48
295;1;2022-02-03 00:30:00;2020-12-18;46;38
296;1;2022-02-03 00:30:00;2020-12-19;28;43
297;1;2022-02-03 00:30:00;2020-12-20;44;54
298;1;2022-02-03 00:30:00;2020-12-21;62;32
299;1;2022-02-03 00:30:00;2020-12-22;35;43
300;1;2022-02-03 00:30:00;2020-12-23;43;48
301;1;2022-02-03 00:30:00;2020-12-24;48;49
302;1;2022-02-03 00:30:00;2020-12-25;33;35
303;1;2022-02-03 00:30:00;2020-12-26;44;42
304;1;2022-02-03 00:30:00;2020-12-27;47;44
305;1;2022-02-03 00:30:00;2020-12-28;64;68
306;1;2022-02-03 00:30:00;2020-12-29;59;61
307;1;2022-02-03 00:30:00;2020-12-30;49;45
308;1;2022-02-03 00:30:00;2020-12-31;47;39
309;1;2022-02-03 00:30:00;2021-01-01;36;40
310;1;2022-02-03 00:30:00;2021-01-02;41;39
311;1;2022-02-03 00:30:00;2021-01-03;42;45
312;1;2022-02-03 00:30:00;2021-01-04;66;58
313;1;2022-02-03 00:30:00;2021-01-05;47;55
314;1;2022-02-03 00:30:00;2021-01-06;46;46
315;1;2022-02-03 00:30:00;2021-01-07;37;36
316;1;2022-02-03 00:30:00;2021-01-08;42;44
317;1;2022-02-03 00:30:00;2021-01-09;35;32
318;1;2022-02-03 00:30:00;2021-01-10;31;31
319;1;2022-02-03 00:30:00;2021-01-11;35;39
320;1;2022-02-03 00:30:00;2021-01-12;48;45
321;1;2022-02-03 00:30:00;2021-01-13;33;36
322;1;2022-02-03 00:30:00;2021-01-14;31;34
323;1;2022-02-03 00:30:00;2021-01-15;37;37
324;1;2022-02-03 00:30:00;2021-01-16;30;27
325;1;2022-02-03 00:30:00;2021-01-17;31;37
326;1;2022-02-03 00:30:00;2021-01-18;49;41
327;1;2022-02-03 00:30:00;2021-01-19;28;34
328;1;2022-02-03 00:30:00;2021-01-20;32;33
329;1;2022-02-03 00:30:00;2021-01-21;44;40
330;1;2022-02-03 00:30:00;2021-01-22;35;35
331;1;2022-02-03 00:30:00;2021-01-23;37;34
332;1;2022-02-03 00:30:00;2021-01-24;26;26
333;1;2022-02-03 00:30:00;2021-01-25;43;53
334;1;2022-02-03 00:30:00;2021-01-26;44;34
335;1;2022-02-03 00:30:00;2021-01-27;36;28
336;1;2022-02-03 00:30:00;2021-01-28;39;43
337;1;2022-02-03 00:30:00;2021-01-29;33;27
338;1;2022-02-03 00:30:00;2021-01-30;24;32
339;1;2022-02-03 00:30:00;2021-01-31;26;35
340;1;2022-02-03 00:30:00;2021-02-01;40;29
341;1;2022-02-03 00:30:00;2021-02-02;28;28
342;1;2022-02-03 00:30:00;2021-02-03;31;30
343;1;2022-02-03 00:30:00;2021-02-04;25;25
344;1;2022-02-03 00:30:00;2021-02-05;26;19
345;1;2022-02-03 00:30:00;2021-02-06;14;20
346;1;2022-02-03 00:30:00;2021-02-07;19;22
347;1;2022-02-03 00:30:00;2021-02-08;36;32
348;1;2022-02-03 00:30:00;2021-02-09;25;19
349;1;2022-02-03 00:30:00;2021-02-10;22;28
350;1;2022-02-03 00:30:00;2021-02-11;33;32
351;1;2022-02-03 00:30:00;2021-02-12;30;33
352;1;2022-02-03 00:30:00;2021-02-13;20;22
353;1;2022-02-03 00:30:00;2021-02-14;22;26
354;1;2022-02-03 00:30:00;2021-02-15;45;35
355;1;2022-02-03 00:30:00;2021-02-16;27;39
356;1;2022-02-03 00:30:00;2021-02-17;43;36
357;1;2022-02-03 00:30:00;2021-02-18;35;25
358;1;2022-02-03 00:30:00;2021-02-19;25;31
359;1;2022-02-03 00:30:00;2021-02-20;31;40
360;1;2022-02-03 00:30:00;2021-02-21;39;36
361;1;2022-02-03 00:30:00;2021-02-22;37;32
362;1;2022-02-03 00:30:00;2021-02-23;39;25
363;1;2022-02-03 00:30:00;2021-02-24;19;30
364;1;2022-02-03 00:30:00;2021-02-25;51;47
365;1;2022-02-03 00:30:00;2021-02-26;25;29
366;1;2022-02-03 00:30:00;2021-02-27;26;20
367;1;2022-02-03 00:30:00;2021-02-28;26;42
368;1;2022-02-03 00:30:00;2021-03-01;46;50
369;1;2022-02-03 00:30:00;2021-03-02;50;39
370;1;2022-02-03 00:30:00;2021-03-03;47;34
371;1;2022-02-03 00:30:00;2021-03-04;36;42
372;1;2022-02-03 00:30:00;2021-03-05;34;36
373;1;2022-02-03 00:30:00;2021-03-06;32;38
374;1;2022-02-03 00:30:00;2021-03-07;24;33
375;1;2022-02-03 00:30:00;2021-03-08;37;42
376;1;2022-02-03 00:30:00;2021-03-09;52;36
377;1;2022-02-03 00:30:00;2021-03-10;38;43
378;1;2022-02-03 00:30:00;2021-03-11;47;42
379;1;2022-02-03 00:30:00;2021-03-12;31;31
380;1;2022-02-03 00:30:00;2021-03-13;27;34
381;1;2022-02-03 00:30:00;2021-03-14;33;41
382;1;2022-02-03 00:30:00;2021-03-15;49;45
383;1;2022-02-03 00:30:00;2021-03-16;46;45
384;1;2022-02-03 00:30:00;2021-03-17;41;38
385;1;2022-02-03 00:30:00;2021-03-18;42;54
386;1;2022-02-03 00:30:00;2021-03-19;55;48
387;1;2022-02-03 00:30:00;2021-03-20;26;36
388;1;2022-02-03 00:30:00;2021-03-21;49;54
389;1;2022-02-03 00:30:00;2021-03-22;58;40
390;1;2022-02-03 00:30:00;2021-03-23;53;42
391;1;2022-02-03 00:30:00;2021-03-24;37;38
392;1;2022-02-03 00:30:00;2021-03-25;41;57
393;1;2022-02-03 00:30:00;2021-03-26;58;61
394;1;2022-02-03 00:30:00;2021-03-27;33;39
395;1;2022-02-03 00:30:00;2021-03-28;33;36
396;1;2022-02-03 00:30:00;2021-03-29;68;49
397;1;2022-02-03 00:30:00;2021-03-30;45;50
398;1;2022-02-03 00:30:00;2021-03-31;60;60
399;1;2022-02-03 00:30:00;2021-04-01;45;46
400;1;2022-02-03 00:30:00;2021-04-02;75;69
401;1;2022-02-03 00:30:00;2021-04-03;41;47
402;1;2022-02-03 00:30:00;2021-04-04;54;55
403;1;2022-02-03 00:30:00;2021-04-05;49;53
404;1;2022-02-03 00:30:00;2021-04-06;65;55
405;1;2022-02-03 00:30:00;2021-04-07;49;63
406;1;2022-02-03 00:30:00;2021-04-08;61;47
407;1;2022-02-03 00:30:00;2021-04-09;48;55
408;1;2022-02-03 00:30:00;2021-04-10;44;51
409;1;2022-02-03 00:30:00;2021-04-11;51;58
410;1;2022-02-03 00:30:00;2021-04-12;69;49
411;1;2022-02-03 00:30:00;2021-04-13;47;44
412;1;2022-02-03 00:30:00;2021-04-14;50;55
413;1;2022-02-03 00:30:00;2021-04-15;47;63
414;1;2022-02-03 00:30:00;2021-04-16;60;53
415;1;2022-02-03 00:30:00;2021-04-17;53;53
416;1;2022-02-03 00:30:00;2021-04-18;51;54
417;1;2022-02-03 00:30:00;2021-04-19;62;65
418;1;2022-02-03 00:30:00;2021-04-20;63;51
419;1;2022-02-03 00:30:00;2021-04-21;47;51
420;1;2022-02-03 00:30:00;2021-04-22;57;44
421;1;2022-02-03 00:30:00;2021-04-23;53;65
422;1;2022-02-03 00:30:00;2021-04-24;41;51
423;1;2022-02-03 00:30:00;2021-04-25;49;43
424;1;2022-02-03 00:30:00;2021-04-26;63;60
425;1;2022-02-03 00:30:00;2021-04-27;46;52
426;1;2022-02-03 00:30:00;2021-04-28;67;49
427;1;2022-02-03 00:30:00;2021-04-29;56;66
428;1;2022-02-03 00:30:00;2021-04-30;60;51
429;1;2022-02-03 00:30:00;2021-05-01;28;38
430;1;2022-02-03 00:30:00;2021-05-02;68;67
431;1;2022-02-03 00:30:00;2021-05-03;49;52
432;1;2022-02-03 00:30:00;2021-05-04;71;51
433;1;2022-02-03 00:30:00;2021-05-05;36;43
434;1;2022-02-03 00:30:00;2021-05-06;49;45
435;1;2022-02-03 00:30:00;2021-05-07;43;46
436;1;2022-02-03 00:30:00;2021-05-08;31;38
437;1;2022-02-03 00:30:00;2021-05-09;36;36
438;1;2022-02-03 00:30:00;2021-05-10;48;36
439;1;2022-02-03 00:30:00;2021-05-11;46;41
440;1;2022-02-03 00:30:00;2021-05-12;30;38
441;1;2022-02-03 00:30:00;2021-05-13;28;27
442;1;2022-02-03 00:30:00;2021-05-14;44;33
443;1;2022-02-03 00:30:00;2021-05-15;20;34
444;1;2022-02-03 00:30:00;2021-05-16;28;25
445;1;2022-02-03 00:30:00;2021-05-17;40;37
446;1;2022-02-03 00:30:00;2021-05-18;31;34
447;1;2022-02-03 00:30:00;2021-05-19;29;24
448;1;2022-02-03 00:30:00;2021-05-20;28;23
449;1;2022-02-03 00:30:00;2021-05-21;23;23
450;1;2022-02-03 00:30:00;2021-05-22;19;25
451;1;2022-02-03 00:30:00;2021-05-23;20;21
452;1;2022-02-03 00:30:00;2021-05-24;28;30
453;1;2022-02-03 00:30:00;2021-05-25;29;17
454;1;2022-02-03 00:30:00;2021-05-26;18;13
455;1;2022-02-03 00:30:00;2021-05-27;22;18
456;1;2022-02-03 00:30:00;2021-05-28;12;16
457;1;2022-02-03 00:30:00;2021-05-29;8;10
458;1;2022-02-03 00:30:00;2021-05-30;10;12
459;1;2022-02-03 00:30:00;2021-05-31;13;9
460;1;2022-02-03 00:30:00;2021-06-01;11;7
461;1;2022-02-03 00:30:00;2021-06-02;10;13
462;1;2022-02-03 00:30:00;2021-06-03;7;6
463;1;2022-02-03 00:30:00;2021-06-04;6;5
464;1;2022-02-03 00:30:00;2021-06-05;5;7
465;1;2022-02-03 00:30:00;2021-06-06;5;5
466;1;2022-02-03 00:30:00;2021-06-07;10;5
467;1;2022-02-03 00:30:00;2021-06-08;6;8
468;1;2022-02-03 00:30:00;2021-06-09;9;9
469;1;2022-02-03 00:30:00;2021-06-10;7;4
470;1;2022-02-03 00:30:00;2021-06-11;4;6
471;1;2022-02-03 00:30:00;2021-06-12;3;7
472;1;2022-02-03 00:30:00;2021-06-13;5;2
473;1;2022-02-03 00:30:00;2021-06-14;11;7
474;1;2022-02-03 00:30:00;2021-06-15;5;4
475;1;2022-02-03 00:30:00;2021-06-16;6;6
476;1;2022-02-03 00:30:00;2021-06-17;4;5
477;1;2022-02-03 00:30:00;2021-06-18;3;3
478;1;2022-02-03 00:30:00;2021-06-19;3;5
479;1;2022-02-03 00:30:00;2021-06-20;3;3
480;1;2022-02-03 00:30:00;2021-06-21;10;5
481;1;2022-02-03 00:30:00;2021-06-22;1;4
482;1;2022-02-03 00:30:00;2021-06-23;6;2
483;1;2022-02-03 00:30:00;2021-06-24;1;1
484;1;2022-02-03 00:30:00;2021-06-25;3;3
485;1;2022-02-03 00:30:00;2021-06-26;0;0
486;1;2022-02-03 00:30:00;2021-06-27;0;3
487;1;2022-02-03 00:30:00;2021-06-28;5;2
488;1;2022-02-03 00:30:00;2021-06-29;0;0
489;1;2022-02-03 00:30:00;2021-06-30;1;1
490;1;2022-02-03 00:30:00;2021-07-01;0;0
491;1;2022-02-03 00:30:00;2021-07-02;0;4
492;1;2022-02-03 00:30:00;2021-07-03;2;1
493;1;2022-02-03 00:30:00;2021-07-04;0;1
494;1;2022-02-03 00:30:00;2021-07-05;3;1
495;1;2022-02-03 00:30:00;2021-07-06;3;1
496;1;2022-02-03 00:30:00;2021-07-07;1;0
497;1;2022-02-03 00:30:00;2021-07-08;0;0
498;1;2022-02-03 00:30:00;2021-07-09;0;3
499;1;2022-02-03 00:30:00;2021-07-10;2;2
500;1;2022-02-03 00:30:00;2021-07-11;4;5
501;1;2022-02-03 00:30:00;2021-07-12;5;3
502;1;2022-02-03 00:30:00;2021-07-13;5;5
503;1;2022-02-03 00:30:00;2021-07-14;2;2
504;1;2022-02-03 00:30:00;2021-07-15;3;5
505;1;2022-02-03 00:30:00;2021-07-16;6;9
506;1;2022-02-03 00:30:00;2021-07-17;4;4
507;1;2022-02-03 00:30:00;2021-07-18;2;6
508;1;2022-02-03 00:30:00;2021-07-19;23;23
509;1;2022-02-03 00:30:00;2021-07-20;14;11
510;1;2022-02-03 00:30:00;2021-07-21;12;15
511;1;2022-02-03 00:30:00;2021-07-22;14;11
512;1;2022-02-03 00:30:00;2021-07-23;11;15
513;1;2022-02-03 00:30:00;2021-07-24;17;24
514;1;2022-02-03 00:30:00;2021-07-25;10;16
515;1;2022-02-03 00:30:00;2021-07-26;34;19
516;1;2022-02-03 00:30:00;2021-07-27;18;23
517;1;2022-02-03 00:30:00;2021-07-28;20;23
518;1;2022-02-03 00:30:00;2021-07-29;18;14
519;1;2022-02-03 00:30:00;2021-07-30;20;16
520;1;2022-02-03 00:30:00;2021-07-31;9;17
521;1;2022-02-03 00:30:00;2021-08-01;13;19
522;1;2022-02-03 00:30:00;2021-08-02;30;18
523;1;2022-02-03 00:30:00;2021-08-03;14;13
524;1;2022-02-03 00:30:00;2021-08-04;16;20
525;1;2022-02-03 00:30:00;2021-08-05;17;22
526;1;2022-02-03 00:30:00;2021-08-06;19;13
527;1;2022-02-03 00:30:00;2021-08-07;12;19
528;1;2022-02-03 00:30:00;2021-08-08;10;16
529;1;2022-02-03 00:30:00;2021-08-09;26;13
530;1;2022-02-03 00:30:00;2021-08-10;10;14
531;1;2022-02-03 00:30:00;2021-08-11;18;17
532;1;2022-02-03 00:30:00;2021-08-12;22;10
533;1;2022-02-03 00:30:00;2021-08-13;10;14
534;1;2022-02-03 00:30:00;2021-08-14;9;12
535;1;2022-02-03 00:30:00;2021-08-15;7;12
536;1;2022-02-03 00:30:00;2021-08-16;13;11
537;1;2022-02-03 00:30:00;2021-08-17;11;13
538;1;2022-02-03 00:30:00;2021-08-18;12;19
539;1;2022-02-03 00:30:00;2021-08-19;15;14
540;1;2022-02-03 00:30:00;2021-08-20;22;15
541;1;2022-02-03 00:30:00;2021-08-21;7;13
542;1;2022-02-03 00:30:00;2021-08-22;6;11
543;1;2022-02-03 00:30:00;2021-08-23;22;18
544;1;2022-02-03 00:30:00;2021-08-24;22;13
545;1;2022-02-03 00:30:00;2021-08-25;13;14
546;1;2022-02-03 00:30:00;2021-08-26;13;16
547;1;2022-02-03 00:30:00;2021-08-27;19;13
548;1;2022-02-03 00:30:00;2021-08-28;9;13
549;1;2022-02-03 00:30:00;2021-08-29;10;8
550;1;2022-02-03 00:30:00;2021-08-30;17;11
551;1;2022-02-03 00:30:00;2021-08-31;8;9
552;1;2022-02-03 00:30:00;2021-09-01;13;14
553;1;2022-02-03 00:30:00;2021-09-02;15;18
554;1;2022-02-03 00:30:00;2021-09-03;19;16
555;1;2022-02-03 00:30:00;2021-09-04;11;12
556;1;2022-02-03 00:30:00;2021-09-05;8;12
557;1;2022-02-03 00:30:00;2021-09-06;13;13
558;1;2022-02-03 00:30:00;2021-09-07;18;15
559;1;2022-02-03 00:30:00;2021-09-08;15;12
560;1;2022-02-03 00:30:00;2021-09-09;13;14
561;1;2022-02-03 00:30:00;2021-09-10;12;15
562;1;2022-02-03 00:30:00;2021-09-11;7;6
563;1;2022-02-03 00:30:00;2021-09-12;3;4
564;1;2022-02-03 00:30:00;2021-09-13;12;4
565;1;2022-02-03 00:30:00;2021-09-14;20;15
566;1;2022-02-03 00:30:00;2021-09-15;11;16
567;1;2022-02-03 00:30:00;2021-09-16;7;6
568;1;2022-02-03 00:30:00;2021-09-17;8;8
569;1;2022-02-03 00:30:00;2021-09-18;4;7
570;1;2022-02-03 00:30:00;2021-09-19;3;11
571;1;2022-02-03 00:30:00;2021-09-20;22;7
572;1;2022-02-03 00:30:00;2021-09-21;6;13
573;1;2022-02-03 00:30:00;2021-09-22;10;6
574;1;2022-02-03 00:30:00;2021-09-23;8;11
575;1;2022-02-03 00:30:00;2021-09-24;6;7
576;1;2022-02-03 00:30:00;2021-09-25;6;8
577;1;2022-02-03 00:30:00;2021-09-26;6;6
578;1;2022-02-03 00:30:00;2021-09-27;10;3
579;1;2022-02-03 00:30:00;2021-09-28;4;5
580;1;2022-02-03 00:30:00;2021-09-29;8;7
581;1;2022-02-03 00:30:00;2021-09-30;6;4
582;1;2022-02-03 00:30:00;2021-10-01;7;9
583;1;2022-02-03 00:30:00;2021-10-02;1;8
584;1;2022-02-03 00:30:00;2021-10-03;6;8
585;1;2022-02-03 00:30:00;2021-10-04;15;13
586;1;2022-02-03 00:30:00;2021-10-05;13;6
587;1;2022-02-03 00:30:00;2021-10-06;11;13
588;1;2022-02-03 00:30:00;2021-10-07;6;6
589;1;2022-02-03 00:30:00;2021-10-08;10;11
590;1;2022-02-03 00:30:00;2021-10-09;6;12
591;1;2022-02-03 00:30:00;2021-10-10;7;10
592;1;2022-02-03 00:30:00;2021-10-11;22;12
593;1;2022-02-03 00:30:00;2021-10-12;7;7
594;1;2022-02-03 00:30:00;2021-10-13;9;12
595;1;2022-02-03 00:30:00;2021-10-14;9;11
596;1;2022-02-03 00:30:00;2021-10-15;12;10
597;1;2022-02-03 00:30:00;2021-10-16;8;10
598;1;2022-02-03 00:30:00;2021-10-17;6;18
599;1;2022-02-03 00:30:00;2021-10-18;23;14
600;1;2022-02-03 00:30:00;2021-10-19;19;18
601;1;2022-02-03 00:30:00;2021-10-20;19;21
602;1;2022-02-03 00:30:00;2021-10-21;10;13
603;1;2022-02-03 00:30:00;2021-10-22;25;24
604;1;2022-02-03 00:30:00;2021-10-23;7;7
605;1;2022-02-03 00:30:00;2021-10-24;12;20
606;1;2022-02-03 00:30:00;2021-10-25;20;15
607;1;2022-02-03 00:30:00;2021-10-26;20;22
608;1;2022-02-03 00:30:00;2021-10-27;26;21
609;1;2022-02-03 00:30:00;2021-10-28;28;23
610;1;2022-02-03 00:30:00;2021-10-29;21;27
611;1;2022-02-03 00:30:00;2021-10-30;7;13
612;1;2022-02-03 00:30:00;2021-10-31;19;23
613;1;2022-02-03 00:30:00;2021-11-01;30;24
614;1;2022-02-03 00:30:00;2021-11-02;32;34
615;1;2022-02-03 00:30:00;2021-11-03;29;29
616;1;2022-02-03 00:30:00;2021-11-04;30;26
617;1;2022-02-03 00:30:00;2021-11-05;29;27
618;1;2022-02-03 00:30:00;2021-11-06;14;33
619;1;2022-02-03 00:30:00;2021-11-07;29;36
620;1;2022-02-03 00:30:00;2021-11-08;43;19
621;1;2022-02-03 00:30:00;2021-11-09;28;34
622;1;2022-02-03 00:30:00;2021-11-10;33;37
623;1;2022-02-03 00:30:00;2021-11-11;37;34
624;1;2022-02-03 00:30:00;2021-11-12;32;44
625;1;2022-02-03 00:30:00;2021-11-13;24;25
626;1;2022-02-03 00:30:00;2021-11-14;25;35
627;1;2022-02-03 00:30:00;2021-11-15;51;37
628;1;2022-02-03 00:30:00;2021-11-16;55;50
629;1;2022-02-03 00:30:00;2021-11-17;43;38
630;1;2022-02-03 00:30:00;2021-11-18;40;50
631;1;2022-02-03 00:30:00;2021-11-19;44;38
632;1;2022-02-03 00:30:00;2021-11-20;30;40
633;1;2022-02-03 00:30:00;2021-11-21;45;48
634;1;2022-02-03 00:30:00;2021-11-22;66;59
635;1;2022-02-03 00:30:00;2021-11-23;49;45
636;1;2022-02-03 00:30:00;2021-11-24;48;50
637;1;2022-02-03 00:30:00;2021-11-25;59;56
638;1;2022-02-03 00:30:00;2021-11-26;50;52
639;1;2022-02-03 00:30:00;2021-11-27;36;59
640;1;2022-02-03 00:30:00;2021-11-28;39;53
641;1;2022-02-03 00:30:00;2021-11-29;86;55
642;1;2022-02-03 00:30:00;2021-11-30;55;55
643;1;2022-02-03 00:30:00;2021-12-01;63;64
644;1;2022-02-03 00:30:00;2021-12-02;57;43
645;1;2022-02-03 00:30:00;2021-12-03;37;41
646;1;2022-02-03 00:30:00;2021-12-04;38;42
647;1;2022-02-03 00:30:00;2021-12-05;34;49
648;1;2022-02-03 00:30:00;2021-12-06;70;51
649;1;2022-02-03 00:30:00;2021-12-07;50;54
650;1;2022-02-03 00:30:00;2021-12-08;51;60
651;1;2022-02-03 00:30:00;2021-12-09;59;52
652;1;2022-02-03 00:30:00;2021-12-10;52;48
653;1;2022-02-03 00:30:00;2021-12-11;20;25
654;1;2022-02-03 00:30:00;2021-12-12;37;47
655;1;2022-02-03 00:30:00;2021-12-13;61;44
656;1;2022-02-03 00:30:00;2021-12-14;38;31
657;1;2022-02-03 00:30:00;2021-12-15;29;38
658;1;2022-02-03 00:30:00;2021-12-16;34;39
659;1;2022-02-03 00:30:00;2021-12-17;46;47
660;1;2022-02-03 00:30:00;2021-12-18;29;26
661;1;2022-02-03 00:30:00;2021-12-19;28;31
662;1;2022-02-03 00:30:00;2021-12-20;46;37
663;1;2022-02-03 00:30:00;2021-12-21;28;32
664;1;2022-02-03 00:30:00;2021-12-22;23;18
665;1;2022-02-03 00:30:00;2021-12-23;36;24
666;1;2022-02-03 00:30:00;2021-12-24;14;26
667;1;2022-02-03 00:30:00;2021-12-25;23;28
668;1;2022-02-03 00:30:00;2021-12-26;26;30
669;1;2022-02-03 00:30:00;2021-12-27;48;38
670;1;2022-02-03 00:30:00;2021-12-28;31;27
671;1;2022-02-03 00:30:00;2021-12-29;23;19
672;1;2022-02-03 00:30:00;2021-12-30;23;25
673;1;2022-02-03 00:30:00;2021-12-31;22;16
674;1;2022-02-03 00:30:00;2022-01-01;12;21
675;1;2022-02-03 00:30:00;2022-01-02;26;24
676;1;2022-02-03 00:30:00;2022-01-03;38;32
677;1;2022-02-03 00:30:00;2022-01-04;19;14
678;1;2022-02-03 00:30:00;2022-01-05;17;15
679;1;2022-02-03 00:30:00;2022-01-06;21;21
680;1;2022-02-03 00:30:00;2022-01-07;14;15
681;1;2022-02-03 00:30:00;2022-01-08;16;20
682;1;2022-02-03 00:30:00;2022-01-09;22;28
683;1;2022-02-03 00:30:00;2022-01-10;31;23
684;1;2022-02-03 00:30:00;2022-01-11;22;13
685;1;2022-02-03 00:30:00;2022-01-12;10;11
686;1;2022-02-03 00:30:00;2022-01-13;10;13
687;1;2022-02-03 00:30:00;2022-01-14;17;14
688;1;2022-02-03 00:30:00;2022-01-15;7;13
689;1;2022-02-03 00:30:00;2022-01-16;13;11
690;1;2022-02-03 00:30:00;2022-01-17;10;9
691;1;2022-02-03 00:30:00;2022-01-18;10;7
692;1;2022-02-03 00:30:00;2022-01-19;16;16
693;1;2022-02-03 00:30:00;2022-01-20;13;12
694;1;2022-02-03 00:30:00;2022-01-21;10;9
695;1;2022-02-03 00:30:00;2022-01-22;4;5
696;1;2022-02-03 00:30:00;2022-01-23;7;9
697;1;2022-02-03 00:30:00;2022-01-24;17;12
698;1;2022-02-03 00:30:00;2022-01-25;13;14
699;1;2022-02-03 00:30:00;2022-01-26;14;9
700;1;2022-02-03 00:30:00;2022-01-27;14;21
701;1;2022-02-03 00:30:00;2022-01-28;17;7
702;1;2022-02-03 00:30:00;2022-01-29;5;7
703;1;2022-02-03 00:30:00;2022-01-30;8;10
704;1;2022-02-03 00:30:00;2022-01-31;12;19
705;1;2022-02-03 00:30:00;2022-02-01;18;13
706;1;2022-02-03 00:30:00;2022-02-02;18;9
